<?xml version="1.0" encoding="ISO-8859-1" ?>
<link_info>
   <banner>TI ARM Linker PC v20.2.3.LTS</banner>
   <copyright>Copyright (c) 1996-2018 Texas Instruments Incorporated</copyright>
   <link_time>0x5fb88525</link_time>
   <link_errors>0x0</link_errors>
   <output_file>gpio_toggle_output_MSP_EXP432P401R_nortos_ccs.out</output_file>
   <entry_point>
      <name>_c_int00_noargs</name>
      <address>0x3e9</address>
   </entry_point>
   <input_file_list>
      <input_file id="fl-2">
         <path>.\</path>
         <kind>object</kind>
         <file>gpio_toggle_output.obj</file>
         <name>gpio_toggle_output.obj</name>
      </input_file>
      <input_file id="fl-3">
         <path>.\</path>
         <kind>object</kind>
         <file>system_msp432p401r.obj</file>
         <name>system_msp432p401r.obj</name>
      </input_file>
      <input_file id="fl-4">
         <path>.\ccs\</path>
         <kind>object</kind>
         <file>startup_msp432p401r_ccs.obj</file>
         <name>startup_msp432p401r_ccs.obj</name>
      </input_file>
      <input_file id="fl-e">
         <kind>object</kind>
         <file>&lt;internal&gt;</file>
         <name>&lt;internal&gt;</name>
      </input_file>
      <input_file id="fl-c4">
         <path>C:\ti\ccs1010\ccs\tools\compiler\ti-cgt-arm_20.2.3.LTS\lib\</path>
         <kind>archive</kind>
         <file>rtsv7M4_T_le_v4SPD16_eabi.lib</file>
         <name>copy_zero_init.c.obj</name>
      </input_file>
      <input_file id="fl-c5">
         <path>C:\ti\ccs1010\ccs\tools\compiler\ti-cgt-arm_20.2.3.LTS\lib\</path>
         <kind>archive</kind>
         <file>rtsv7M4_T_le_v4SPD16_eabi.lib</file>
         <name>copy_decompress_none.c.obj</name>
      </input_file>
      <input_file id="fl-c6">
         <path>C:\ti\ccs1010\ccs\tools\compiler\ti-cgt-arm_20.2.3.LTS\lib\</path>
         <kind>archive</kind>
         <file>rtsv7M4_T_le_v4SPD16_eabi.lib</file>
         <name>copy_decompress_lzss.c.obj</name>
      </input_file>
      <input_file id="fl-c7">
         <path>C:\ti\ccs1010\ccs\tools\compiler\ti-cgt-arm_20.2.3.LTS\lib\</path>
         <kind>archive</kind>
         <file>rtsv7M4_T_le_v4SPD16_eabi.lib</file>
         <name>boot_cortex_m.c.obj</name>
      </input_file>
      <input_file id="fl-c8">
         <path>C:\ti\ccs1010\ccs\tools\compiler\ti-cgt-arm_20.2.3.LTS\lib\</path>
         <kind>archive</kind>
         <file>rtsv7M4_T_le_v4SPD16_eabi.lib</file>
         <name>memcpy_t2.asm.obj</name>
      </input_file>
      <input_file id="fl-c9">
         <path>C:\ti\ccs1010\ccs\tools\compiler\ti-cgt-arm_20.2.3.LTS\lib\</path>
         <kind>archive</kind>
         <file>rtsv7M4_T_le_v4SPD16_eabi.lib</file>
         <name>memset_t2.asm.obj</name>
      </input_file>
      <input_file id="fl-ca">
         <path>C:\ti\ccs1010\ccs\tools\compiler\ti-cgt-arm_20.2.3.LTS\lib\</path>
         <kind>archive</kind>
         <file>rtsv7M4_T_le_v4SPD16_eabi.lib</file>
         <name>autoinit.c.obj</name>
      </input_file>
      <input_file id="fl-cb">
         <path>C:\ti\ccs1010\ccs\tools\compiler\ti-cgt-arm_20.2.3.LTS\lib\</path>
         <kind>archive</kind>
         <file>rtsv7M4_T_le_v4SPD16_eabi.lib</file>
         <name>pre_init.c.obj</name>
      </input_file>
      <input_file id="fl-cc">
         <path>C:\ti\ccs1010\ccs\tools\compiler\ti-cgt-arm_20.2.3.LTS\lib\</path>
         <kind>archive</kind>
         <file>rtsv7M4_T_le_v4SPD16_eabi.lib</file>
         <name>cpy_tbl.c.obj</name>
      </input_file>
      <input_file id="fl-cd">
         <path>C:\ti\ccs1010\ccs\tools\compiler\ti-cgt-arm_20.2.3.LTS\lib\</path>
         <kind>archive</kind>
         <file>rtsv7M4_T_le_v4SPD16_eabi.lib</file>
         <name>exit.c.obj</name>
      </input_file>
      <input_file id="fl-ce">
         <path>C:\ti\ccs1010\ccs\tools\compiler\ti-cgt-arm_20.2.3.LTS\lib\</path>
         <kind>archive</kind>
         <file>rtsv7M4_T_le_v4SPD16_eabi.lib</file>
         <name>_lock.c.obj</name>
      </input_file>
      <input_file id="fl-cf">
         <path>C:\ti\ccs1010\ccs\tools\compiler\ti-cgt-arm_20.2.3.LTS\lib\</path>
         <kind>archive</kind>
         <file>rtsv7M4_T_le_v4SPD16_eabi.lib</file>
         <name>args_main.c.obj</name>
      </input_file>
   </input_file_list>
   <object_component_list>
      <object_component id="oc-26">
         <name>.intvecs:retain</name>
         <load_address>0x0</load_address>
         <run_address>0x0</run_address>
         <size>0xe4</size>
         <input_file_ref idref="fl-4"/>
      </object_component>
      <object_component id="oc-9f">
         <name>.text:main</name>
         <load_address>0xe4</load_address>
         <run_address>0xe4</run_address>
         <size>0xe0</size>
         <input_file_ref idref="fl-2"/>
      </object_component>
      <object_component id="oc-37">
         <name>.text</name>
         <load_address>0x1c4</load_address>
         <run_address>0x1c4</run_address>
         <size>0x9c</size>
         <input_file_ref idref="fl-c8"/>
      </object_component>
      <object_component id="oc-b1">
         <name>.text:SystemInit</name>
         <load_address>0x260</load_address>
         <run_address>0x260</run_address>
         <size>0x78</size>
         <input_file_ref idref="fl-3"/>
      </object_component>
      <object_component id="oc-17">
         <name>.text:decompress:lzss:__TI_decompress_lzss</name>
         <load_address>0x2d8</load_address>
         <run_address>0x2d8</run_address>
         <size>0x68</size>
         <input_file_ref idref="fl-c6"/>
      </object_component>
      <object_component id="oc-73">
         <name>.text:PORT1_IRQHandler</name>
         <load_address>0x340</load_address>
         <run_address>0x340</run_address>
         <size>0x64</size>
         <input_file_ref idref="fl-2"/>
      </object_component>
      <object_component id="oc-eb">
         <name>.text:__TI_auto_init_nobinit_nopinit:__TI_auto_init_nobinit_nopinit</name>
         <load_address>0x3a4</load_address>
         <run_address>0x3a4</run_address>
         <size>0x44</size>
         <input_file_ref idref="fl-ca"/>
      </object_component>
      <object_component id="oc-55">
         <name>.text:_c_int00_noargs:_c_int00_noargs</name>
         <load_address>0x3e8</load_address>
         <run_address>0x3e8</run_address>
         <size>0x34</size>
         <input_file_ref idref="fl-c7"/>
      </object_component>
      <object_component id="oc-1d">
         <name>.text:decompress:none:__TI_decompress_none</name>
         <load_address>0x41c</load_address>
         <run_address>0x41c</run_address>
         <size>0xe</size>
         <input_file_ref idref="fl-c5"/>
      </object_component>
      <object_component id="oc-67">
         <name>.text:Reset_Handler</name>
         <load_address>0x42a</load_address>
         <run_address>0x42a</run_address>
         <size>0xc</size>
         <input_file_ref idref="fl-4"/>
      </object_component>
      <object_component id="oc-99">
         <name>.text:_system_pre_init</name>
         <load_address>0x436</load_address>
         <run_address>0x436</run_address>
         <size>0x4</size>
         <input_file_ref idref="fl-cb"/>
      </object_component>
      <object_component id="oc-df">
         <name>.text:abort:abort</name>
         <load_address>0x43a</load_address>
         <run_address>0x43a</run_address>
         <size>0x4</size>
         <input_file_ref idref="fl-cd"/>
      </object_component>
      <object_component id="oc-6d">
         <name>.text:Default_Handler</name>
         <load_address>0x43e</load_address>
         <run_address>0x43e</run_address>
         <size>0x2</size>
         <input_file_ref idref="fl-4"/>
      </object_component>
      <object_component id="oc-1bd">
         <name>.cinit..data.load</name>
         <load_address>0x440</load_address>
         <run_address>0x440</run_address>
         <size>0x1a</size>
      </object_component>
      <object_component id="oc-1bb">
         <name>__TI_handler_table</name>
         <load_address>0x45c</load_address>
         <run_address>0x45c</run_address>
         <size>0x8</size>
      </object_component>
      <object_component id="oc-1bc">
         <name>__TI_cinit_table</name>
         <load_address>0x464</load_address>
         <run_address>0x464</run_address>
         <size>0x8</size>
      </object_component>
      <object_component id="oc-18f">
         <name>.binit</name>
         <load_address>0x0</load_address>
         <run_address>0x0</run_address>
         <size>0x0</size>
      </object_component>
      <object_component id="oc-b9">
         <name>.data:pwmConfig</name>
         <load_address>0x20000000</load_address>
         <run_address>0x20000000</run_address>
         <size>0x18</size>
         <input_file_ref idref="fl-2"/>
      </object_component>
      <object_component id="oc-29">
         <name>.stack</name>
         <uninitialized>true</uninitialized>
         <run_address>0x2000fe00</run_address>
         <size>0x4</size>
         <input_file_ref idref="fl-c7"/>
      </object_component>
      <object_component id="oc-1bf">
         <name>.stack</name>
         <uninitialized>true</uninitialized>
         <run_address>0x2000fe00</run_address>
         <size>0x0</size>
      </object_component>
      <object_component id="oc-12a">
         <name>.debug_info</name>
         <load_address>0x0</load_address>
         <run_address>0x0</run_address>
         <size>0x55c</size>
         <input_file_ref idref="fl-2"/>
      </object_component>
      <object_component id="oc-ba">
         <name>.debug_info</name>
         <load_address>0x55c</load_address>
         <run_address>0x55c</run_address>
         <size>0xfc</size>
         <input_file_ref idref="fl-2"/>
      </object_component>
      <object_component id="oc-a0">
         <name>.debug_info</name>
         <load_address>0x658</load_address>
         <run_address>0x658</run_address>
         <size>0x19f</size>
         <input_file_ref idref="fl-2"/>
      </object_component>
      <object_component id="oc-74">
         <name>.debug_info</name>
         <load_address>0x7f7</load_address>
         <run_address>0x7f7</run_address>
         <size>0x17b</size>
         <input_file_ref idref="fl-2"/>
      </object_component>
      <object_component id="oc-c4">
         <name>.debug_info</name>
         <load_address>0x972</load_address>
         <run_address>0x972</run_address>
         <size>0x26b</size>
         <input_file_ref idref="fl-2"/>
      </object_component>
      <object_component id="oc-157">
         <name>.debug_info</name>
         <load_address>0xbdd</load_address>
         <run_address>0xbdd</run_address>
         <size>0x1028</size>
         <input_file_ref idref="fl-2"/>
      </object_component>
      <object_component id="oc-152">
         <name>.debug_info</name>
         <load_address>0x1c05</load_address>
         <run_address>0x1c05</run_address>
         <size>0x37e2</size>
         <input_file_ref idref="fl-2"/>
      </object_component>
      <object_component id="oc-120">
         <name>.debug_info</name>
         <load_address>0x53e7</load_address>
         <run_address>0x53e7</run_address>
         <size>0x341</size>
         <input_file_ref idref="fl-2"/>
      </object_component>
      <object_component id="oc-da">
         <name>.debug_info</name>
         <load_address>0x5728</load_address>
         <run_address>0x5728</run_address>
         <size>0x8b</size>
         <input_file_ref idref="fl-2"/>
      </object_component>
      <object_component id="oc-125">
         <name>.debug_info</name>
         <load_address>0x57b3</load_address>
         <run_address>0x57b3</run_address>
         <size>0x2a4</size>
         <input_file_ref idref="fl-2"/>
      </object_component>
      <object_component id="oc-14b">
         <name>.debug_info</name>
         <load_address>0x5a57</load_address>
         <run_address>0x5a57</run_address>
         <size>0xef</size>
         <input_file_ref idref="fl-2"/>
      </object_component>
      <object_component id="oc-bd">
         <name>.debug_info</name>
         <load_address>0x5b46</load_address>
         <run_address>0x5b46</run_address>
         <size>0xbb</size>
         <input_file_ref idref="fl-2"/>
      </object_component>
      <object_component id="oc-b3">
         <name>.debug_info</name>
         <load_address>0x5c01</load_address>
         <run_address>0x5c01</run_address>
         <size>0x147</size>
         <input_file_ref idref="fl-3"/>
      </object_component>
      <object_component id="oc-32">
         <name>.debug_info</name>
         <load_address>0x5d48</load_address>
         <run_address>0x5d48</run_address>
         <size>0x84</size>
         <input_file_ref idref="fl-3"/>
      </object_component>
      <object_component id="oc-7b">
         <name>.debug_info</name>
         <load_address>0x5dcc</load_address>
         <run_address>0x5dcc</run_address>
         <size>0x2e7</size>
         <input_file_ref idref="fl-4"/>
      </object_component>
      <object_component id="oc-27">
         <name>.debug_info</name>
         <load_address>0x60b3</load_address>
         <run_address>0x60b3</run_address>
         <size>0x113</size>
         <input_file_ref idref="fl-4"/>
      </object_component>
      <object_component id="oc-6b">
         <name>.debug_info</name>
         <load_address>0x61c6</load_address>
         <run_address>0x61c6</run_address>
         <size>0x176</size>
         <input_file_ref idref="fl-4"/>
      </object_component>
      <object_component id="oc-70">
         <name>.debug_info</name>
         <load_address>0x633c</load_address>
         <run_address>0x633c</run_address>
         <size>0x15e</size>
         <input_file_ref idref="fl-4"/>
      </object_component>
      <object_component id="oc-42">
         <name>.debug_info</name>
         <load_address>0x649a</load_address>
         <run_address>0x649a</run_address>
         <size>0x2a8</size>
         <input_file_ref idref="fl-c5"/>
      </object_component>
      <object_component id="oc-20">
         <name>.debug_info</name>
         <load_address>0x6742</load_address>
         <run_address>0x6742</run_address>
         <size>0x1ea</size>
         <input_file_ref idref="fl-c5"/>
      </object_component>
      <object_component id="oc-3d">
         <name>.debug_info</name>
         <load_address>0x692c</load_address>
         <run_address>0x692c</run_address>
         <size>0x46</size>
         <input_file_ref idref="fl-c5"/>
      </object_component>
      <object_component id="oc-85">
         <name>.debug_info</name>
         <load_address>0x6972</load_address>
         <run_address>0x6972</run_address>
         <size>0x2c</size>
         <input_file_ref idref="fl-c5"/>
      </object_component>
      <object_component id="oc-83">
         <name>.debug_info</name>
         <load_address>0x699e</load_address>
         <run_address>0x699e</run_address>
         <size>0x29e</size>
         <input_file_ref idref="fl-c6"/>
      </object_component>
      <object_component id="oc-19">
         <name>.debug_info</name>
         <load_address>0x6c3c</load_address>
         <run_address>0x6c3c</run_address>
         <size>0x250</size>
         <input_file_ref idref="fl-c6"/>
      </object_component>
      <object_component id="oc-2d">
         <name>.debug_info</name>
         <load_address>0x6e8c</load_address>
         <run_address>0x6e8c</run_address>
         <size>0x60</size>
         <input_file_ref idref="fl-c6"/>
      </object_component>
      <object_component id="oc-c9">
         <name>.debug_info</name>
         <load_address>0x6eec</load_address>
         <run_address>0x6eec</run_address>
         <size>0x46</size>
         <input_file_ref idref="fl-c6"/>
      </object_component>
      <object_component id="oc-7e">
         <name>.debug_info</name>
         <load_address>0x6f32</load_address>
         <run_address>0x6f32</run_address>
         <size>0x39</size>
         <input_file_ref idref="fl-c6"/>
      </object_component>
      <object_component id="oc-2a">
         <name>.debug_info</name>
         <load_address>0x6f6b</load_address>
         <run_address>0x6f6b</run_address>
         <size>0x10b</size>
         <input_file_ref idref="fl-c7"/>
      </object_component>
      <object_component id="oc-57">
         <name>.debug_info</name>
         <load_address>0x7076</load_address>
         <run_address>0x7076</run_address>
         <size>0x1a9</size>
         <input_file_ref idref="fl-c7"/>
      </object_component>
      <object_component id="oc-38">
         <name>.debug_info</name>
         <load_address>0x721f</load_address>
         <run_address>0x721f</run_address>
         <size>0x119</size>
         <input_file_ref idref="fl-c8"/>
      </object_component>
      <object_component id="oc-136">
         <name>.debug_info</name>
         <load_address>0x7338</load_address>
         <run_address>0x7338</run_address>
         <size>0x4b3</size>
         <input_file_ref idref="fl-ca"/>
      </object_component>
      <object_component id="oc-ee">
         <name>.debug_info</name>
         <load_address>0x77eb</load_address>
         <run_address>0x77eb</run_address>
         <size>0x1a6</size>
         <input_file_ref idref="fl-ca"/>
      </object_component>
      <object_component id="oc-16c">
         <name>.debug_info</name>
         <load_address>0x7991</load_address>
         <run_address>0x7991</run_address>
         <size>0x39</size>
         <input_file_ref idref="fl-ca"/>
      </object_component>
      <object_component id="oc-180">
         <name>.debug_info</name>
         <load_address>0x79ca</load_address>
         <run_address>0x79ca</run_address>
         <size>0x39</size>
         <input_file_ref idref="fl-ca"/>
      </object_component>
      <object_component id="oc-171">
         <name>.debug_info</name>
         <load_address>0x7a03</load_address>
         <run_address>0x7a03</run_address>
         <size>0x39</size>
         <input_file_ref idref="fl-ca"/>
      </object_component>
      <object_component id="oc-176">
         <name>.debug_info</name>
         <load_address>0x7a3c</load_address>
         <run_address>0x7a3c</run_address>
         <size>0xcd</size>
         <input_file_ref idref="fl-ca"/>
      </object_component>
      <object_component id="oc-9d">
         <name>.debug_info</name>
         <load_address>0x7b09</load_address>
         <run_address>0x7b09</run_address>
         <size>0x153</size>
         <input_file_ref idref="fl-cb"/>
      </object_component>
      <object_component id="oc-e0">
         <name>.debug_info</name>
         <load_address>0x7c5c</load_address>
         <run_address>0x7c5c</run_address>
         <size>0x122</size>
         <input_file_ref idref="fl-cd"/>
      </object_component>
      <object_component id="oc-1c0">
         <name>.debug_info</name>
         <load_address>0x7d7e</load_address>
         <run_address>0x7d7e</run_address>
         <size>0xbb</size>
      </object_component>
      <object_component id="oc-151">
         <name>.debug_line</name>
         <load_address>0x0</load_address>
         <run_address>0x0</run_address>
         <size>0x20</size>
         <input_file_ref idref="fl-2"/>
      </object_component>
      <object_component id="oc-11f">
         <name>.debug_line</name>
         <load_address>0x20</load_address>
         <run_address>0x20</run_address>
         <size>0x3b</size>
         <input_file_ref idref="fl-2"/>
      </object_component>
      <object_component id="oc-a3">
         <name>.debug_line</name>
         <load_address>0x5b</load_address>
         <run_address>0x5b</run_address>
         <size>0x66</size>
         <input_file_ref idref="fl-2"/>
      </object_component>
      <object_component id="oc-77">
         <name>.debug_line</name>
         <load_address>0xc1</load_address>
         <run_address>0xc1</run_address>
         <size>0x61</size>
         <input_file_ref idref="fl-2"/>
      </object_component>
      <object_component id="oc-c7">
         <name>.debug_line</name>
         <load_address>0x122</load_address>
         <run_address>0x122</run_address>
         <size>0x6f</size>
         <input_file_ref idref="fl-2"/>
      </object_component>
      <object_component id="oc-15a">
         <name>.debug_line</name>
         <load_address>0x191</load_address>
         <run_address>0x191</run_address>
         <size>0x78</size>
         <input_file_ref idref="fl-2"/>
      </object_component>
      <object_component id="oc-155">
         <name>.debug_line</name>
         <load_address>0x209</load_address>
         <run_address>0x209</run_address>
         <size>0x7b</size>
         <input_file_ref idref="fl-2"/>
      </object_component>
      <object_component id="oc-123">
         <name>.debug_line</name>
         <load_address>0x284</load_address>
         <run_address>0x284</run_address>
         <size>0x7d</size>
         <input_file_ref idref="fl-2"/>
      </object_component>
      <object_component id="oc-dd">
         <name>.debug_line</name>
         <load_address>0x301</load_address>
         <run_address>0x301</run_address>
         <size>0x20</size>
         <input_file_ref idref="fl-2"/>
      </object_component>
      <object_component id="oc-128">
         <name>.debug_line</name>
         <load_address>0x321</load_address>
         <run_address>0x321</run_address>
         <size>0x73</size>
         <input_file_ref idref="fl-2"/>
      </object_component>
      <object_component id="oc-14e">
         <name>.debug_line</name>
         <load_address>0x394</load_address>
         <run_address>0x394</run_address>
         <size>0x6f</size>
         <input_file_ref idref="fl-2"/>
      </object_component>
      <object_component id="oc-c0">
         <name>.debug_line</name>
         <load_address>0x403</load_address>
         <run_address>0x403</run_address>
         <size>0x70</size>
         <input_file_ref idref="fl-2"/>
      </object_component>
      <object_component id="oc-b2">
         <name>.debug_line</name>
         <load_address>0x473</load_address>
         <run_address>0x473</run_address>
         <size>0x66</size>
         <input_file_ref idref="fl-3"/>
      </object_component>
      <object_component id="oc-35">
         <name>.debug_line</name>
         <load_address>0x4d9</load_address>
         <run_address>0x4d9</run_address>
         <size>0x20</size>
         <input_file_ref idref="fl-3"/>
      </object_component>
      <object_component id="oc-c3">
         <name>.debug_line</name>
         <load_address>0x4f9</load_address>
         <run_address>0x4f9</run_address>
         <size>0x44</size>
         <input_file_ref idref="fl-4"/>
      </object_component>
      <object_component id="oc-7a">
         <name>.debug_line</name>
         <load_address>0x53d</load_address>
         <run_address>0x53d</run_address>
         <size>0x44</size>
         <input_file_ref idref="fl-4"/>
      </object_component>
      <object_component id="oc-69">
         <name>.debug_line</name>
         <load_address>0x581</load_address>
         <run_address>0x581</run_address>
         <size>0x5d</size>
         <input_file_ref idref="fl-4"/>
      </object_component>
      <object_component id="oc-72">
         <name>.debug_line</name>
         <load_address>0x5de</load_address>
         <run_address>0x5de</run_address>
         <size>0x59</size>
         <input_file_ref idref="fl-4"/>
      </object_component>
      <object_component id="oc-8b">
         <name>.debug_line</name>
         <load_address>0x637</load_address>
         <run_address>0x637</run_address>
         <size>0x20</size>
         <input_file_ref idref="fl-c5"/>
      </object_component>
      <object_component id="oc-22">
         <name>.debug_line</name>
         <load_address>0x657</load_address>
         <run_address>0x657</run_address>
         <size>0x55</size>
         <input_file_ref idref="fl-c5"/>
      </object_component>
      <object_component id="oc-40">
         <name>.debug_line</name>
         <load_address>0x6ac</load_address>
         <run_address>0x6ac</run_address>
         <size>0x3a</size>
         <input_file_ref idref="fl-c5"/>
      </object_component>
      <object_component id="oc-88">
         <name>.debug_line</name>
         <load_address>0x6e6</load_address>
         <run_address>0x6e6</run_address>
         <size>0x92</size>
         <input_file_ref idref="fl-c5"/>
      </object_component>
      <object_component id="oc-cf">
         <name>.debug_line</name>
         <load_address>0x778</load_address>
         <run_address>0x778</run_address>
         <size>0x20</size>
         <input_file_ref idref="fl-c6"/>
      </object_component>
      <object_component id="oc-1b">
         <name>.debug_line</name>
         <load_address>0x798</load_address>
         <run_address>0x798</run_address>
         <size>0xa9</size>
         <input_file_ref idref="fl-c6"/>
      </object_component>
      <object_component id="oc-30">
         <name>.debug_line</name>
         <load_address>0x841</load_address>
         <run_address>0x841</run_address>
         <size>0x3a</size>
         <input_file_ref idref="fl-c6"/>
      </object_component>
      <object_component id="oc-cc">
         <name>.debug_line</name>
         <load_address>0x87b</load_address>
         <run_address>0x87b</run_address>
         <size>0x9a</size>
         <input_file_ref idref="fl-c6"/>
      </object_component>
      <object_component id="oc-81">
         <name>.debug_line</name>
         <load_address>0x915</load_address>
         <run_address>0x915</run_address>
         <size>0x96</size>
         <input_file_ref idref="fl-c6"/>
      </object_component>
      <object_component id="oc-7d">
         <name>.debug_line</name>
         <load_address>0x9ab</load_address>
         <run_address>0x9ab</run_address>
         <size>0x33</size>
         <input_file_ref idref="fl-c7"/>
      </object_component>
      <object_component id="oc-59">
         <name>.debug_line</name>
         <load_address>0x9de</load_address>
         <run_address>0x9de</run_address>
         <size>0x45</size>
         <input_file_ref idref="fl-c7"/>
      </object_component>
      <object_component id="oc-3b">
         <name>.debug_line</name>
         <load_address>0xa23</load_address>
         <run_address>0xa23</run_address>
         <size>0x88</size>
         <input_file_ref idref="fl-c8"/>
      </object_component>
      <object_component id="oc-16b">
         <name>.debug_line</name>
         <load_address>0xaab</load_address>
         <run_address>0xaab</run_address>
         <size>0xbf</size>
         <input_file_ref idref="fl-ca"/>
      </object_component>
      <object_component id="oc-f0">
         <name>.debug_line</name>
         <load_address>0xb6a</load_address>
         <run_address>0xb6a</run_address>
         <size>0x6f</size>
         <input_file_ref idref="fl-ca"/>
      </object_component>
      <object_component id="oc-16f">
         <name>.debug_line</name>
         <load_address>0xbd9</load_address>
         <run_address>0xbd9</run_address>
         <size>0x2e</size>
         <input_file_ref idref="fl-ca"/>
      </object_component>
      <object_component id="oc-183">
         <name>.debug_line</name>
         <load_address>0xc07</load_address>
         <run_address>0xc07</run_address>
         <size>0x9a</size>
         <input_file_ref idref="fl-ca"/>
      </object_component>
      <object_component id="oc-174">
         <name>.debug_line</name>
         <load_address>0xca1</load_address>
         <run_address>0xca1</run_address>
         <size>0x97</size>
         <input_file_ref idref="fl-ca"/>
      </object_component>
      <object_component id="oc-179">
         <name>.debug_line</name>
         <load_address>0xd38</load_address>
         <run_address>0xd38</run_address>
         <size>0x93</size>
         <input_file_ref idref="fl-ca"/>
      </object_component>
      <object_component id="oc-9b">
         <name>.debug_line</name>
         <load_address>0xdcb</load_address>
         <run_address>0xdcb</run_address>
         <size>0x40</size>
         <input_file_ref idref="fl-cb"/>
      </object_component>
      <object_component id="oc-e3">
         <name>.debug_line</name>
         <load_address>0xe0b</load_address>
         <run_address>0xe0b</run_address>
         <size>0x3c</size>
         <input_file_ref idref="fl-cd"/>
      </object_component>
      <object_component id="oc-a4">
         <name>.debug_frame</name>
         <load_address>0x0</load_address>
         <run_address>0x0</run_address>
         <size>0x5c</size>
         <input_file_ref idref="fl-2"/>
      </object_component>
      <object_component id="oc-78">
         <name>.debug_frame</name>
         <load_address>0x5c</load_address>
         <run_address>0x5c</run_address>
         <size>0x58</size>
         <input_file_ref idref="fl-2"/>
      </object_component>
      <object_component id="oc-b6">
         <name>.debug_frame</name>
         <load_address>0xb4</load_address>
         <run_address>0xb4</run_address>
         <size>0x54</size>
         <input_file_ref idref="fl-3"/>
      </object_component>
      <object_component id="oc-6a">
         <name>.debug_frame</name>
         <load_address>0x108</load_address>
         <run_address>0x108</run_address>
         <size>0x58</size>
         <input_file_ref idref="fl-4"/>
      </object_component>
      <object_component id="oc-6f">
         <name>.debug_frame</name>
         <load_address>0x160</load_address>
         <run_address>0x160</run_address>
         <size>0x54</size>
         <input_file_ref idref="fl-4"/>
      </object_component>
      <object_component id="oc-1f">
         <name>.debug_frame</name>
         <load_address>0x1b4</load_address>
         <run_address>0x1b4</run_address>
         <size>0x54</size>
         <input_file_ref idref="fl-c5"/>
      </object_component>
      <object_component id="oc-1c">
         <name>.debug_frame</name>
         <load_address>0x208</load_address>
         <run_address>0x208</run_address>
         <size>0x60</size>
         <input_file_ref idref="fl-c6"/>
      </object_component>
      <object_component id="oc-5a">
         <name>.debug_frame</name>
         <load_address>0x268</load_address>
         <run_address>0x268</run_address>
         <size>0x50</size>
         <input_file_ref idref="fl-c7"/>
      </object_component>
      <object_component id="oc-ed">
         <name>.debug_frame</name>
         <load_address>0x2b8</load_address>
         <run_address>0x2b8</run_address>
         <size>0x5c</size>
         <input_file_ref idref="fl-ca"/>
      </object_component>
      <object_component id="oc-9c">
         <name>.debug_frame</name>
         <load_address>0x314</load_address>
         <run_address>0x314</run_address>
         <size>0x54</size>
         <input_file_ref idref="fl-cb"/>
      </object_component>
      <object_component id="oc-e4">
         <name>.debug_frame</name>
         <load_address>0x368</load_address>
         <run_address>0x368</run_address>
         <size>0x54</size>
         <input_file_ref idref="fl-cd"/>
      </object_component>
      <object_component id="oc-150">
         <name>.debug_abbrev</name>
         <load_address>0x0</load_address>
         <run_address>0x0</run_address>
         <size>0x7a</size>
         <input_file_ref idref="fl-2"/>
      </object_component>
      <object_component id="oc-11e">
         <name>.debug_abbrev</name>
         <load_address>0x7a</load_address>
         <run_address>0x7a</run_address>
         <size>0x29</size>
         <input_file_ref idref="fl-2"/>
      </object_component>
      <object_component id="oc-d9">
         <name>.debug_abbrev</name>
         <load_address>0xa3</load_address>
         <run_address>0xa3</run_address>
         <size>0x55</size>
         <input_file_ref idref="fl-2"/>
      </object_component>
      <object_component id="oc-bc">
         <name>.debug_abbrev</name>
         <load_address>0xf8</load_address>
         <run_address>0xf8</run_address>
         <size>0x6d</size>
         <input_file_ref idref="fl-2"/>
      </object_component>
      <object_component id="oc-c6">
         <name>.debug_abbrev</name>
         <load_address>0x165</load_address>
         <run_address>0x165</run_address>
         <size>0x69</size>
         <input_file_ref idref="fl-2"/>
      </object_component>
      <object_component id="oc-159">
         <name>.debug_abbrev</name>
         <load_address>0x1ce</load_address>
         <run_address>0x1ce</run_address>
         <size>0x97</size>
         <input_file_ref idref="fl-2"/>
      </object_component>
      <object_component id="oc-154">
         <name>.debug_abbrev</name>
         <load_address>0x265</load_address>
         <run_address>0x265</run_address>
         <size>0xbd</size>
         <input_file_ref idref="fl-2"/>
      </object_component>
      <object_component id="oc-122">
         <name>.debug_abbrev</name>
         <load_address>0x322</load_address>
         <run_address>0x322</run_address>
         <size>0x4b</size>
         <input_file_ref idref="fl-2"/>
      </object_component>
      <object_component id="oc-dc">
         <name>.debug_abbrev</name>
         <load_address>0x36d</load_address>
         <run_address>0x36d</run_address>
         <size>0x1f</size>
         <input_file_ref idref="fl-2"/>
      </object_component>
      <object_component id="oc-127">
         <name>.debug_abbrev</name>
         <load_address>0x38c</load_address>
         <run_address>0x38c</run_address>
         <size>0x5c</size>
         <input_file_ref idref="fl-2"/>
      </object_component>
      <object_component id="oc-14d">
         <name>.debug_abbrev</name>
         <load_address>0x3e8</load_address>
         <run_address>0x3e8</run_address>
         <size>0x24</size>
         <input_file_ref idref="fl-2"/>
      </object_component>
      <object_component id="oc-bf">
         <name>.debug_abbrev</name>
         <load_address>0x40c</load_address>
         <run_address>0x40c</run_address>
         <size>0x24</size>
         <input_file_ref idref="fl-2"/>
      </object_component>
      <object_component id="oc-11d">
         <name>.debug_abbrev</name>
         <load_address>0x430</load_address>
         <run_address>0x430</run_address>
         <size>0x50</size>
         <input_file_ref idref="fl-3"/>
      </object_component>
      <object_component id="oc-34">
         <name>.debug_abbrev</name>
         <load_address>0x480</load_address>
         <run_address>0x480</run_address>
         <size>0x1f</size>
         <input_file_ref idref="fl-3"/>
      </object_component>
      <object_component id="oc-c2">
         <name>.debug_abbrev</name>
         <load_address>0x49f</load_address>
         <run_address>0x49f</run_address>
         <size>0x7c</size>
         <input_file_ref idref="fl-4"/>
      </object_component>
      <object_component id="oc-79">
         <name>.debug_abbrev</name>
         <load_address>0x51b</load_address>
         <run_address>0x51b</run_address>
         <size>0x29</size>
         <input_file_ref idref="fl-4"/>
      </object_component>
      <object_component id="oc-b7">
         <name>.debug_abbrev</name>
         <load_address>0x544</load_address>
         <run_address>0x544</run_address>
         <size>0x5e</size>
         <input_file_ref idref="fl-4"/>
      </object_component>
      <object_component id="oc-b8">
         <name>.debug_abbrev</name>
         <load_address>0x5a2</load_address>
         <run_address>0x5a2</run_address>
         <size>0x42</size>
         <input_file_ref idref="fl-4"/>
      </object_component>
      <object_component id="oc-8a">
         <name>.debug_abbrev</name>
         <load_address>0x5e4</load_address>
         <run_address>0x5e4</run_address>
         <size>0x37</size>
         <input_file_ref idref="fl-c5"/>
      </object_component>
      <object_component id="oc-3c">
         <name>.debug_abbrev</name>
         <load_address>0x61b</load_address>
         <run_address>0x61b</run_address>
         <size>0x74</size>
         <input_file_ref idref="fl-c5"/>
      </object_component>
      <object_component id="oc-3f">
         <name>.debug_abbrev</name>
         <load_address>0x68f</load_address>
         <run_address>0x68f</run_address>
         <size>0x24</size>
         <input_file_ref idref="fl-c5"/>
      </object_component>
      <object_component id="oc-87">
         <name>.debug_abbrev</name>
         <load_address>0x6b3</load_address>
         <run_address>0x6b3</run_address>
         <size>0x24</size>
         <input_file_ref idref="fl-c5"/>
      </object_component>
      <object_component id="oc-ce">
         <name>.debug_abbrev</name>
         <load_address>0x6d7</load_address>
         <run_address>0x6d7</run_address>
         <size>0x37</size>
         <input_file_ref idref="fl-c6"/>
      </object_component>
      <object_component id="oc-2c">
         <name>.debug_abbrev</name>
         <load_address>0x70e</load_address>
         <run_address>0x70e</run_address>
         <size>0x6f</size>
         <input_file_ref idref="fl-c6"/>
      </object_component>
      <object_component id="oc-2f">
         <name>.debug_abbrev</name>
         <load_address>0x77d</load_address>
         <run_address>0x77d</run_address>
         <size>0x24</size>
         <input_file_ref idref="fl-c6"/>
      </object_component>
      <object_component id="oc-cb">
         <name>.debug_abbrev</name>
         <load_address>0x7a1</load_address>
         <run_address>0x7a1</run_address>
         <size>0x35</size>
         <input_file_ref idref="fl-c6"/>
      </object_component>
      <object_component id="oc-80">
         <name>.debug_abbrev</name>
         <load_address>0x7d6</load_address>
         <run_address>0x7d6</run_address>
         <size>0x24</size>
         <input_file_ref idref="fl-c6"/>
      </object_component>
      <object_component id="oc-7c">
         <name>.debug_abbrev</name>
         <load_address>0x7fa</load_address>
         <run_address>0x7fa</run_address>
         <size>0x29</size>
         <input_file_ref idref="fl-c7"/>
      </object_component>
      <object_component id="oc-a8">
         <name>.debug_abbrev</name>
         <load_address>0x823</load_address>
         <run_address>0x823</run_address>
         <size>0x55</size>
         <input_file_ref idref="fl-c7"/>
      </object_component>
      <object_component id="oc-84">
         <name>.debug_abbrev</name>
         <load_address>0x878</load_address>
         <run_address>0x878</run_address>
         <size>0x3e</size>
         <input_file_ref idref="fl-c8"/>
      </object_component>
      <object_component id="oc-16a">
         <name>.debug_abbrev</name>
         <load_address>0x8b6</load_address>
         <run_address>0x8b6</run_address>
         <size>0xc0</size>
         <input_file_ref idref="fl-ca"/>
      </object_component>
      <object_component id="oc-135">
         <name>.debug_abbrev</name>
         <load_address>0x976</load_address>
         <run_address>0x976</run_address>
         <size>0x7e</size>
         <input_file_ref idref="fl-ca"/>
      </object_component>
      <object_component id="oc-16e">
         <name>.debug_abbrev</name>
         <load_address>0x9f4</load_address>
         <run_address>0x9f4</run_address>
         <size>0x24</size>
         <input_file_ref idref="fl-ca"/>
      </object_component>
      <object_component id="oc-182">
         <name>.debug_abbrev</name>
         <load_address>0xa18</load_address>
         <run_address>0xa18</run_address>
         <size>0x24</size>
         <input_file_ref idref="fl-ca"/>
      </object_component>
      <object_component id="oc-173">
         <name>.debug_abbrev</name>
         <load_address>0xa3c</load_address>
         <run_address>0xa3c</run_address>
         <size>0x24</size>
         <input_file_ref idref="fl-ca"/>
      </object_component>
      <object_component id="oc-178">
         <name>.debug_abbrev</name>
         <load_address>0xa60</load_address>
         <run_address>0xa60</run_address>
         <size>0x4b</size>
         <input_file_ref idref="fl-ca"/>
      </object_component>
      <object_component id="oc-d8">
         <name>.debug_abbrev</name>
         <load_address>0xaab</load_address>
         <run_address>0xaab</run_address>
         <size>0x55</size>
         <input_file_ref idref="fl-cb"/>
      </object_component>
      <object_component id="oc-12b">
         <name>.debug_abbrev</name>
         <load_address>0xb00</load_address>
         <run_address>0xb00</run_address>
         <size>0x45</size>
         <input_file_ref idref="fl-cd"/>
      </object_component>
      <object_component id="oc-1c1">
         <name>.debug_abbrev</name>
         <load_address>0xb45</load_address>
         <run_address>0xb45</run_address>
         <size>0xf</size>
      </object_component>
      <object_component id="oc-c8">
         <name>.debug_str</name>
         <load_address>0x0</load_address>
         <run_address>0x0</run_address>
         <size>0x2cc</size>
         <input_file_ref idref="fl-2"/>
      </object_component>
      <object_component id="oc-15b">
         <name>.debug_str</name>
         <load_address>0x2cc</load_address>
         <run_address>0x2cc</run_address>
         <size>0x4ae</size>
         <input_file_ref idref="fl-2"/>
      </object_component>
      <object_component id="oc-156">
         <name>.debug_str</name>
         <load_address>0x77a</load_address>
         <run_address>0x77a</run_address>
         <size>0x1608</size>
         <input_file_ref idref="fl-2"/>
      </object_component>
      <object_component id="oc-124">
         <name>.debug_str</name>
         <load_address>0x1d82</load_address>
         <run_address>0x1d82</run_address>
         <size>0x36a</size>
         <input_file_ref idref="fl-2"/>
      </object_component>
      <object_component id="oc-de">
         <name>.debug_str</name>
         <load_address>0x20ec</load_address>
         <run_address>0x20ec</run_address>
         <size>0xfd</size>
         <input_file_ref idref="fl-2"/>
      </object_component>
      <object_component id="oc-129">
         <name>.debug_str</name>
         <load_address>0x21e9</load_address>
         <run_address>0x21e9</run_address>
         <size>0x362</size>
         <input_file_ref idref="fl-2"/>
      </object_component>
      <object_component id="oc-14f">
         <name>.debug_str</name>
         <load_address>0x254b</load_address>
         <run_address>0x254b</run_address>
         <size>0x1d7</size>
         <input_file_ref idref="fl-2"/>
      </object_component>
      <object_component id="oc-c1">
         <name>.debug_str</name>
         <load_address>0x2722</load_address>
         <run_address>0x2722</run_address>
         <size>0x164</size>
         <input_file_ref idref="fl-2"/>
      </object_component>
      <object_component id="oc-36">
         <name>.debug_str</name>
         <load_address>0x2886</load_address>
         <run_address>0x2886</run_address>
         <size>0xfd</size>
         <input_file_ref idref="fl-3"/>
      </object_component>
      <object_component id="oc-41">
         <name>.debug_str</name>
         <load_address>0x2983</load_address>
         <run_address>0x2983</run_address>
         <size>0x10b</size>
         <input_file_ref idref="fl-c5"/>
      </object_component>
      <object_component id="oc-89">
         <name>.debug_str</name>
         <load_address>0x2a8e</load_address>
         <run_address>0x2a8e</run_address>
         <size>0x140</size>
         <input_file_ref idref="fl-c5"/>
      </object_component>
      <object_component id="oc-31">
         <name>.debug_str</name>
         <load_address>0x2bce</load_address>
         <run_address>0x2bce</run_address>
         <size>0x118</size>
         <input_file_ref idref="fl-c6"/>
      </object_component>
      <object_component id="oc-cd">
         <name>.debug_str</name>
         <load_address>0x2ce6</load_address>
         <run_address>0x2ce6</run_address>
         <size>0x16b</size>
         <input_file_ref idref="fl-c6"/>
      </object_component>
      <object_component id="oc-82">
         <name>.debug_str</name>
         <load_address>0x2e51</load_address>
         <run_address>0x2e51</run_address>
         <size>0x158</size>
         <input_file_ref idref="fl-c6"/>
      </object_component>
      <object_component id="oc-170">
         <name>.debug_str</name>
         <load_address>0x2fa9</load_address>
         <run_address>0x2fa9</run_address>
         <size>0xed</size>
         <input_file_ref idref="fl-ca"/>
      </object_component>
      <object_component id="oc-184">
         <name>.debug_str</name>
         <load_address>0x3096</load_address>
         <run_address>0x3096</run_address>
         <size>0x157</size>
         <input_file_ref idref="fl-ca"/>
      </object_component>
      <object_component id="oc-175">
         <name>.debug_str</name>
         <load_address>0x31ed</load_address>
         <run_address>0x31ed</run_address>
         <size>0x150</size>
         <input_file_ref idref="fl-ca"/>
      </object_component>
      <object_component id="oc-17a">
         <name>.debug_str</name>
         <load_address>0x333d</load_address>
         <run_address>0x333d</run_address>
         <size>0x197</size>
         <input_file_ref idref="fl-ca"/>
      </object_component>
      <object_component id="oc-a1">
         <name>.debug_aranges</name>
         <load_address>0x0</load_address>
         <run_address>0x0</run_address>
         <size>0x20</size>
         <input_file_ref idref="fl-2"/>
      </object_component>
      <object_component id="oc-75">
         <name>.debug_aranges</name>
         <load_address>0x20</load_address>
         <run_address>0x20</run_address>
         <size>0x20</size>
         <input_file_ref idref="fl-2"/>
      </object_component>
      <object_component id="oc-b4">
         <name>.debug_aranges</name>
         <load_address>0x40</load_address>
         <run_address>0x40</run_address>
         <size>0x20</size>
         <input_file_ref idref="fl-3"/>
      </object_component>
      <object_component id="oc-68">
         <name>.debug_aranges</name>
         <load_address>0x60</load_address>
         <run_address>0x60</run_address>
         <size>0x20</size>
         <input_file_ref idref="fl-4"/>
      </object_component>
      <object_component id="oc-6e">
         <name>.debug_aranges</name>
         <load_address>0x80</load_address>
         <run_address>0x80</run_address>
         <size>0x20</size>
         <input_file_ref idref="fl-4"/>
      </object_component>
      <object_component id="oc-1e">
         <name>.debug_aranges</name>
         <load_address>0xa0</load_address>
         <run_address>0xa0</run_address>
         <size>0x20</size>
         <input_file_ref idref="fl-c5"/>
      </object_component>
      <object_component id="oc-18">
         <name>.debug_aranges</name>
         <load_address>0xc0</load_address>
         <run_address>0xc0</run_address>
         <size>0x20</size>
         <input_file_ref idref="fl-c6"/>
      </object_component>
      <object_component id="oc-56">
         <name>.debug_aranges</name>
         <load_address>0xe0</load_address>
         <run_address>0xe0</run_address>
         <size>0x20</size>
         <input_file_ref idref="fl-c7"/>
      </object_component>
      <object_component id="oc-3a">
         <name>.debug_aranges</name>
         <load_address>0x100</load_address>
         <run_address>0x100</run_address>
         <size>0x20</size>
         <input_file_ref idref="fl-c8"/>
      </object_component>
      <object_component id="oc-ec">
         <name>.debug_aranges</name>
         <load_address>0x120</load_address>
         <run_address>0x120</run_address>
         <size>0x20</size>
         <input_file_ref idref="fl-ca"/>
      </object_component>
      <object_component id="oc-9a">
         <name>.debug_aranges</name>
         <load_address>0x140</load_address>
         <run_address>0x140</run_address>
         <size>0x20</size>
         <input_file_ref idref="fl-cb"/>
      </object_component>
      <object_component id="oc-e1">
         <name>.debug_aranges</name>
         <load_address>0x160</load_address>
         <run_address>0x160</run_address>
         <size>0x20</size>
         <input_file_ref idref="fl-cd"/>
      </object_component>
      <object_component id="oc-bb">
         <name>.debug_pubnames</name>
         <load_address>0x0</load_address>
         <run_address>0x0</run_address>
         <size>0x20</size>
         <input_file_ref idref="fl-2"/>
      </object_component>
      <object_component id="oc-a2">
         <name>.debug_pubnames</name>
         <load_address>0x20</load_address>
         <run_address>0x20</run_address>
         <size>0x1b</size>
         <input_file_ref idref="fl-2"/>
      </object_component>
      <object_component id="oc-76">
         <name>.debug_pubnames</name>
         <load_address>0x3b</load_address>
         <run_address>0x3b</run_address>
         <size>0x27</size>
         <input_file_ref idref="fl-2"/>
      </object_component>
      <object_component id="oc-b5">
         <name>.debug_pubnames</name>
         <load_address>0x62</load_address>
         <run_address>0x62</run_address>
         <size>0x21</size>
         <input_file_ref idref="fl-3"/>
      </object_component>
      <object_component id="oc-28">
         <name>.debug_pubnames</name>
         <load_address>0x83</load_address>
         <run_address>0x83</run_address>
         <size>0x27</size>
         <input_file_ref idref="fl-4"/>
      </object_component>
      <object_component id="oc-6c">
         <name>.debug_pubnames</name>
         <load_address>0xaa</load_address>
         <run_address>0xaa</run_address>
         <size>0x24</size>
         <input_file_ref idref="fl-4"/>
      </object_component>
      <object_component id="oc-71">
         <name>.debug_pubnames</name>
         <load_address>0xce</load_address>
         <run_address>0xce</run_address>
         <size>0x26</size>
         <input_file_ref idref="fl-4"/>
      </object_component>
      <object_component id="oc-21">
         <name>.debug_pubnames</name>
         <load_address>0xf4</load_address>
         <run_address>0xf4</run_address>
         <size>0x2b</size>
         <input_file_ref idref="fl-c5"/>
      </object_component>
      <object_component id="oc-1a">
         <name>.debug_pubnames</name>
         <load_address>0x11f</load_address>
         <run_address>0x11f</run_address>
         <size>0x2b</size>
         <input_file_ref idref="fl-c6"/>
      </object_component>
      <object_component id="oc-2b">
         <name>.debug_pubnames</name>
         <load_address>0x14a</load_address>
         <run_address>0x14a</run_address>
         <size>0x1e</size>
         <input_file_ref idref="fl-c7"/>
      </object_component>
      <object_component id="oc-58">
         <name>.debug_pubnames</name>
         <load_address>0x168</load_address>
         <run_address>0x168</run_address>
         <size>0x26</size>
         <input_file_ref idref="fl-c7"/>
      </object_component>
      <object_component id="oc-39">
         <name>.debug_pubnames</name>
         <load_address>0x18e</load_address>
         <run_address>0x18e</run_address>
         <size>0x1d</size>
         <input_file_ref idref="fl-c8"/>
      </object_component>
      <object_component id="oc-ef">
         <name>.debug_pubnames</name>
         <load_address>0x1ab</load_address>
         <run_address>0x1ab</run_address>
         <size>0x35</size>
         <input_file_ref idref="fl-ca"/>
      </object_component>
      <object_component id="oc-9e">
         <name>.debug_pubnames</name>
         <load_address>0x1e0</load_address>
         <run_address>0x1e0</run_address>
         <size>0x27</size>
         <input_file_ref idref="fl-cb"/>
      </object_component>
      <object_component id="oc-e2">
         <name>.debug_pubnames</name>
         <load_address>0x207</load_address>
         <run_address>0x207</run_address>
         <size>0x1c</size>
         <input_file_ref idref="fl-cd"/>
      </object_component>
      <object_component id="oc-c5">
         <name>.debug_pubtypes</name>
         <load_address>0x0</load_address>
         <run_address>0x0</run_address>
         <size>0x25c</size>
         <input_file_ref idref="fl-2"/>
      </object_component>
      <object_component id="oc-158">
         <name>.debug_pubtypes</name>
         <load_address>0x25c</load_address>
         <run_address>0x25c</run_address>
         <size>0xdd</size>
         <input_file_ref idref="fl-2"/>
      </object_component>
      <object_component id="oc-153">
         <name>.debug_pubtypes</name>
         <load_address>0x339</load_address>
         <run_address>0x339</run_address>
         <size>0x2ce</size>
         <input_file_ref idref="fl-2"/>
      </object_component>
      <object_component id="oc-121">
         <name>.debug_pubtypes</name>
         <load_address>0x607</load_address>
         <run_address>0x607</run_address>
         <size>0x16a</size>
         <input_file_ref idref="fl-2"/>
      </object_component>
      <object_component id="oc-db">
         <name>.debug_pubtypes</name>
         <load_address>0x771</load_address>
         <run_address>0x771</run_address>
         <size>0xff</size>
         <input_file_ref idref="fl-2"/>
      </object_component>
      <object_component id="oc-126">
         <name>.debug_pubtypes</name>
         <load_address>0x870</load_address>
         <run_address>0x870</run_address>
         <size>0x330</size>
         <input_file_ref idref="fl-2"/>
      </object_component>
      <object_component id="oc-14c">
         <name>.debug_pubtypes</name>
         <load_address>0xba0</load_address>
         <run_address>0xba0</run_address>
         <size>0x12e</size>
         <input_file_ref idref="fl-2"/>
      </object_component>
      <object_component id="oc-be">
         <name>.debug_pubtypes</name>
         <load_address>0xcce</load_address>
         <run_address>0xcce</run_address>
         <size>0xaa</size>
         <input_file_ref idref="fl-2"/>
      </object_component>
      <object_component id="oc-33">
         <name>.debug_pubtypes</name>
         <load_address>0xd78</load_address>
         <run_address>0xd78</run_address>
         <size>0xed</size>
         <input_file_ref idref="fl-3"/>
      </object_component>
      <object_component id="oc-3e">
         <name>.debug_pubtypes</name>
         <load_address>0xe65</load_address>
         <run_address>0xe65</run_address>
         <size>0x48</size>
         <input_file_ref idref="fl-c5"/>
      </object_component>
      <object_component id="oc-86">
         <name>.debug_pubtypes</name>
         <load_address>0xead</load_address>
         <run_address>0xead</run_address>
         <size>0x1d</size>
         <input_file_ref idref="fl-c5"/>
      </object_component>
      <object_component id="oc-2e">
         <name>.debug_pubtypes</name>
         <load_address>0xeca</load_address>
         <run_address>0xeca</run_address>
         <size>0x5d</size>
         <input_file_ref idref="fl-c6"/>
      </object_component>
      <object_component id="oc-ca">
         <name>.debug_pubtypes</name>
         <load_address>0xf27</load_address>
         <run_address>0xf27</run_address>
         <size>0x48</size>
         <input_file_ref idref="fl-c6"/>
      </object_component>
      <object_component id="oc-7f">
         <name>.debug_pubtypes</name>
         <load_address>0xf6f</load_address>
         <run_address>0xf6f</run_address>
         <size>0x35</size>
         <input_file_ref idref="fl-c6"/>
      </object_component>
      <object_component id="oc-16d">
         <name>.debug_pubtypes</name>
         <load_address>0xfa4</load_address>
         <run_address>0xfa4</run_address>
         <size>0x32</size>
         <input_file_ref idref="fl-ca"/>
      </object_component>
      <object_component id="oc-181">
         <name>.debug_pubtypes</name>
         <load_address>0xfd6</load_address>
         <run_address>0xfd6</run_address>
         <size>0x30</size>
         <input_file_ref idref="fl-ca"/>
      </object_component>
      <object_component id="oc-172">
         <name>.debug_pubtypes</name>
         <load_address>0x1006</load_address>
         <run_address>0x1006</run_address>
         <size>0x2c</size>
         <input_file_ref idref="fl-ca"/>
      </object_component>
      <object_component id="oc-177">
         <name>.debug_pubtypes</name>
         <load_address>0x1032</load_address>
         <run_address>0x1032</run_address>
         <size>0x50</size>
         <input_file_ref idref="fl-ca"/>
      </object_component>
   </object_component_list>
   <logical_group_list>
      <logical_group id="lg-3" display="no" color="cyan">
         <name>.intvecs</name>
         <load_address>0x0</load_address>
         <run_address>0x0</run_address>
         <size>0xe4</size>
         <contents>
            <object_component_ref idref="oc-26"/>
         </contents>
      </logical_group>
      <logical_group id="lg-4" display="no" color="cyan">
         <name>.text</name>
         <load_address>0xe4</load_address>
         <run_address>0xe4</run_address>
         <size>0x35c</size>
         <contents>
            <object_component_ref idref="oc-9f"/>
            <object_component_ref idref="oc-37"/>
            <object_component_ref idref="oc-b1"/>
            <object_component_ref idref="oc-17"/>
            <object_component_ref idref="oc-73"/>
            <object_component_ref idref="oc-eb"/>
            <object_component_ref idref="oc-55"/>
            <object_component_ref idref="oc-1d"/>
            <object_component_ref idref="oc-67"/>
            <object_component_ref idref="oc-99"/>
            <object_component_ref idref="oc-df"/>
            <object_component_ref idref="oc-6d"/>
         </contents>
      </logical_group>
      <logical_group id="lg-5" display="no" color="cyan">
         <name>.const</name>
         <run_address>0x0</run_address>
         <size>0x0</size>
         <contents>
         </contents>
      </logical_group>
      <logical_group id="lg-6" display="no" color="cyan">
         <name>.cinit</name>
         <load_address>0x440</load_address>
         <run_address>0x440</run_address>
         <size>0x2c</size>
         <contents>
            <object_component_ref idref="oc-1bd"/>
            <object_component_ref idref="oc-1bb"/>
            <object_component_ref idref="oc-1bc"/>
         </contents>
      </logical_group>
      <logical_group id="lg-7" display="no" color="cyan">
         <name>.pinit</name>
         <run_address>0x0</run_address>
         <size>0x0</size>
         <contents>
         </contents>
      </logical_group>
      <logical_group id="lg-8" display="no" color="cyan">
         <name>.init_array</name>
         <run_address>0x0</run_address>
         <size>0x0</size>
         <contents>
         </contents>
      </logical_group>
      <logical_group id="lg-9" display="no" color="cyan">
         <name>.binit</name>
         <load_address>0x0</load_address>
         <run_address>0x0</run_address>
         <size>0x0</size>
         <contents>
            <object_component_ref idref="oc-18f"/>
         </contents>
      </logical_group>
      <logical_group id="lg-a" display="no" color="cyan">
         <name>.flashMailbox</name>
         <run_address>0x0</run_address>
         <size>0x0</size>
         <contents>
         </contents>
      </logical_group>
      <logical_group id="lg-b" display="no" color="cyan">
         <name>.tlvTable</name>
         <run_address>0x0</run_address>
         <size>0x0</size>
         <contents>
         </contents>
      </logical_group>
      <logical_group id="lg-c" display="no" color="cyan">
         <name>.bslArea</name>
         <run_address>0x0</run_address>
         <size>0x0</size>
         <contents>
         </contents>
      </logical_group>
      <logical_group id="lg-d" display="no" color="cyan">
         <name>.vtable</name>
         <run_address>0x0</run_address>
         <size>0x0</size>
         <contents>
         </contents>
      </logical_group>
      <logical_group id="lg-e" display="no" color="cyan">
         <name>.data</name>
         <run_address>0x20000000</run_address>
         <size>0x18</size>
         <contents>
            <object_component_ref idref="oc-b9"/>
         </contents>
      </logical_group>
      <logical_group id="lg-f" display="no" color="cyan">
         <name>.bss</name>
         <run_address>0x0</run_address>
         <size>0x0</size>
         <contents>
         </contents>
      </logical_group>
      <logical_group id="lg-10" display="no" color="cyan">
         <name>.sysmem</name>
         <run_address>0x0</run_address>
         <size>0x0</size>
         <contents>
         </contents>
      </logical_group>
      <logical_group id="lg-11" display="no" color="cyan">
         <name>.stack</name>
         <run_address>0x2000fe00</run_address>
         <size>0x200</size>
         <contents>
            <object_component_ref idref="oc-29"/>
            <object_component_ref idref="oc-1bf"/>
         </contents>
      </logical_group>
      <logical_group id="lg-12" display="no" color="cyan">
         <name>.TI.ramfunc</name>
         <run_address>0x0</run_address>
         <size>0x0</size>
         <contents>
         </contents>
      </logical_group>
      <logical_group id="lg-18c" display="no" color="cyan">
         <name>.TI.noinit</name>
         <run_address>0x0</run_address>
         <size>0x0</size>
         <contents>
         </contents>
      </logical_group>
      <logical_group id="lg-18d" display="no" color="cyan">
         <name>.TI.persistent</name>
         <run_address>0x0</run_address>
         <size>0x0</size>
         <contents>
         </contents>
      </logical_group>
      <logical_group id="lg-18e" display="no" color="cyan">
         <name>__llvm_prf_cnts</name>
         <run_address>0x20000000</run_address>
         <size>0x0</size>
         <contents>
         </contents>
      </logical_group>
      <logical_group id="lg-1a3" display="never" color="cyan">
         <name>.debug_info</name>
         <load_address>0x0</load_address>
         <run_address>0x0</run_address>
         <size>0x7e39</size>
         <contents>
            <object_component_ref idref="oc-12a"/>
            <object_component_ref idref="oc-ba"/>
            <object_component_ref idref="oc-a0"/>
            <object_component_ref idref="oc-74"/>
            <object_component_ref idref="oc-c4"/>
            <object_component_ref idref="oc-157"/>
            <object_component_ref idref="oc-152"/>
            <object_component_ref idref="oc-120"/>
            <object_component_ref idref="oc-da"/>
            <object_component_ref idref="oc-125"/>
            <object_component_ref idref="oc-14b"/>
            <object_component_ref idref="oc-bd"/>
            <object_component_ref idref="oc-b3"/>
            <object_component_ref idref="oc-32"/>
            <object_component_ref idref="oc-7b"/>
            <object_component_ref idref="oc-27"/>
            <object_component_ref idref="oc-6b"/>
            <object_component_ref idref="oc-70"/>
            <object_component_ref idref="oc-42"/>
            <object_component_ref idref="oc-20"/>
            <object_component_ref idref="oc-3d"/>
            <object_component_ref idref="oc-85"/>
            <object_component_ref idref="oc-83"/>
            <object_component_ref idref="oc-19"/>
            <object_component_ref idref="oc-2d"/>
            <object_component_ref idref="oc-c9"/>
            <object_component_ref idref="oc-7e"/>
            <object_component_ref idref="oc-2a"/>
            <object_component_ref idref="oc-57"/>
            <object_component_ref idref="oc-38"/>
            <object_component_ref idref="oc-136"/>
            <object_component_ref idref="oc-ee"/>
            <object_component_ref idref="oc-16c"/>
            <object_component_ref idref="oc-180"/>
            <object_component_ref idref="oc-171"/>
            <object_component_ref idref="oc-176"/>
            <object_component_ref idref="oc-9d"/>
            <object_component_ref idref="oc-e0"/>
            <object_component_ref idref="oc-1c0"/>
         </contents>
      </logical_group>
      <logical_group id="lg-1a5" display="never" color="cyan">
         <name>.debug_line</name>
         <load_address>0x0</load_address>
         <run_address>0x0</run_address>
         <size>0xe47</size>
         <contents>
            <object_component_ref idref="oc-151"/>
            <object_component_ref idref="oc-11f"/>
            <object_component_ref idref="oc-a3"/>
            <object_component_ref idref="oc-77"/>
            <object_component_ref idref="oc-c7"/>
            <object_component_ref idref="oc-15a"/>
            <object_component_ref idref="oc-155"/>
            <object_component_ref idref="oc-123"/>
            <object_component_ref idref="oc-dd"/>
            <object_component_ref idref="oc-128"/>
            <object_component_ref idref="oc-14e"/>
            <object_component_ref idref="oc-c0"/>
            <object_component_ref idref="oc-b2"/>
            <object_component_ref idref="oc-35"/>
            <object_component_ref idref="oc-c3"/>
            <object_component_ref idref="oc-7a"/>
            <object_component_ref idref="oc-69"/>
            <object_component_ref idref="oc-72"/>
            <object_component_ref idref="oc-8b"/>
            <object_component_ref idref="oc-22"/>
            <object_component_ref idref="oc-40"/>
            <object_component_ref idref="oc-88"/>
            <object_component_ref idref="oc-cf"/>
            <object_component_ref idref="oc-1b"/>
            <object_component_ref idref="oc-30"/>
            <object_component_ref idref="oc-cc"/>
            <object_component_ref idref="oc-81"/>
            <object_component_ref idref="oc-7d"/>
            <object_component_ref idref="oc-59"/>
            <object_component_ref idref="oc-3b"/>
            <object_component_ref idref="oc-16b"/>
            <object_component_ref idref="oc-f0"/>
            <object_component_ref idref="oc-16f"/>
            <object_component_ref idref="oc-183"/>
            <object_component_ref idref="oc-174"/>
            <object_component_ref idref="oc-179"/>
            <object_component_ref idref="oc-9b"/>
            <object_component_ref idref="oc-e3"/>
         </contents>
      </logical_group>
      <logical_group id="lg-1a7" display="never" color="cyan">
         <name>.debug_frame</name>
         <load_address>0x0</load_address>
         <run_address>0x0</run_address>
         <size>0x3bc</size>
         <contents>
            <object_component_ref idref="oc-a4"/>
            <object_component_ref idref="oc-78"/>
            <object_component_ref idref="oc-b6"/>
            <object_component_ref idref="oc-6a"/>
            <object_component_ref idref="oc-6f"/>
            <object_component_ref idref="oc-1f"/>
            <object_component_ref idref="oc-1c"/>
            <object_component_ref idref="oc-5a"/>
            <object_component_ref idref="oc-ed"/>
            <object_component_ref idref="oc-9c"/>
            <object_component_ref idref="oc-e4"/>
         </contents>
      </logical_group>
      <logical_group id="lg-1a9" display="never" color="cyan">
         <name>.debug_abbrev</name>
         <load_address>0x0</load_address>
         <run_address>0x0</run_address>
         <size>0xb54</size>
         <contents>
            <object_component_ref idref="oc-150"/>
            <object_component_ref idref="oc-11e"/>
            <object_component_ref idref="oc-d9"/>
            <object_component_ref idref="oc-bc"/>
            <object_component_ref idref="oc-c6"/>
            <object_component_ref idref="oc-159"/>
            <object_component_ref idref="oc-154"/>
            <object_component_ref idref="oc-122"/>
            <object_component_ref idref="oc-dc"/>
            <object_component_ref idref="oc-127"/>
            <object_component_ref idref="oc-14d"/>
            <object_component_ref idref="oc-bf"/>
            <object_component_ref idref="oc-11d"/>
            <object_component_ref idref="oc-34"/>
            <object_component_ref idref="oc-c2"/>
            <object_component_ref idref="oc-79"/>
            <object_component_ref idref="oc-b7"/>
            <object_component_ref idref="oc-b8"/>
            <object_component_ref idref="oc-8a"/>
            <object_component_ref idref="oc-3c"/>
            <object_component_ref idref="oc-3f"/>
            <object_component_ref idref="oc-87"/>
            <object_component_ref idref="oc-ce"/>
            <object_component_ref idref="oc-2c"/>
            <object_component_ref idref="oc-2f"/>
            <object_component_ref idref="oc-cb"/>
            <object_component_ref idref="oc-80"/>
            <object_component_ref idref="oc-7c"/>
            <object_component_ref idref="oc-a8"/>
            <object_component_ref idref="oc-84"/>
            <object_component_ref idref="oc-16a"/>
            <object_component_ref idref="oc-135"/>
            <object_component_ref idref="oc-16e"/>
            <object_component_ref idref="oc-182"/>
            <object_component_ref idref="oc-173"/>
            <object_component_ref idref="oc-178"/>
            <object_component_ref idref="oc-d8"/>
            <object_component_ref idref="oc-12b"/>
            <object_component_ref idref="oc-1c1"/>
         </contents>
      </logical_group>
      <logical_group id="lg-1ab" display="never" color="cyan">
         <name>.debug_str</name>
         <load_address>0x0</load_address>
         <run_address>0x0</run_address>
         <size>0x34d4</size>
         <contents>
            <object_component_ref idref="oc-c8"/>
            <object_component_ref idref="oc-15b"/>
            <object_component_ref idref="oc-156"/>
            <object_component_ref idref="oc-124"/>
            <object_component_ref idref="oc-de"/>
            <object_component_ref idref="oc-129"/>
            <object_component_ref idref="oc-14f"/>
            <object_component_ref idref="oc-c1"/>
            <object_component_ref idref="oc-36"/>
            <object_component_ref idref="oc-41"/>
            <object_component_ref idref="oc-89"/>
            <object_component_ref idref="oc-31"/>
            <object_component_ref idref="oc-cd"/>
            <object_component_ref idref="oc-82"/>
            <object_component_ref idref="oc-170"/>
            <object_component_ref idref="oc-184"/>
            <object_component_ref idref="oc-175"/>
            <object_component_ref idref="oc-17a"/>
         </contents>
      </logical_group>
      <logical_group id="lg-1ad" display="never" color="cyan">
         <name>.debug_aranges</name>
         <load_address>0x0</load_address>
         <run_address>0x0</run_address>
         <size>0x180</size>
         <contents>
            <object_component_ref idref="oc-a1"/>
            <object_component_ref idref="oc-75"/>
            <object_component_ref idref="oc-b4"/>
            <object_component_ref idref="oc-68"/>
            <object_component_ref idref="oc-6e"/>
            <object_component_ref idref="oc-1e"/>
            <object_component_ref idref="oc-18"/>
            <object_component_ref idref="oc-56"/>
            <object_component_ref idref="oc-3a"/>
            <object_component_ref idref="oc-ec"/>
            <object_component_ref idref="oc-9a"/>
            <object_component_ref idref="oc-e1"/>
         </contents>
      </logical_group>
      <logical_group id="lg-1af" display="never" color="cyan">
         <name>.debug_pubnames</name>
         <load_address>0x0</load_address>
         <run_address>0x0</run_address>
         <size>0x223</size>
         <contents>
            <object_component_ref idref="oc-bb"/>
            <object_component_ref idref="oc-a2"/>
            <object_component_ref idref="oc-76"/>
            <object_component_ref idref="oc-b5"/>
            <object_component_ref idref="oc-28"/>
            <object_component_ref idref="oc-6c"/>
            <object_component_ref idref="oc-71"/>
            <object_component_ref idref="oc-21"/>
            <object_component_ref idref="oc-1a"/>
            <object_component_ref idref="oc-2b"/>
            <object_component_ref idref="oc-58"/>
            <object_component_ref idref="oc-39"/>
            <object_component_ref idref="oc-ef"/>
            <object_component_ref idref="oc-9e"/>
            <object_component_ref idref="oc-e2"/>
         </contents>
      </logical_group>
      <logical_group id="lg-1b1" display="never" color="cyan">
         <name>.debug_pubtypes</name>
         <load_address>0x0</load_address>
         <run_address>0x0</run_address>
         <size>0x1082</size>
         <contents>
            <object_component_ref idref="oc-c5"/>
            <object_component_ref idref="oc-158"/>
            <object_component_ref idref="oc-153"/>
            <object_component_ref idref="oc-121"/>
            <object_component_ref idref="oc-db"/>
            <object_component_ref idref="oc-126"/>
            <object_component_ref idref="oc-14c"/>
            <object_component_ref idref="oc-be"/>
            <object_component_ref idref="oc-33"/>
            <object_component_ref idref="oc-3e"/>
            <object_component_ref idref="oc-86"/>
            <object_component_ref idref="oc-2e"/>
            <object_component_ref idref="oc-ca"/>
            <object_component_ref idref="oc-7f"/>
            <object_component_ref idref="oc-16d"/>
            <object_component_ref idref="oc-181"/>
            <object_component_ref idref="oc-172"/>
            <object_component_ref idref="oc-177"/>
         </contents>
      </logical_group>
      <logical_group id="lg-1be" display="no" color="cyan">
         <name>Veneer$$CMSE</name>
         <run_address>0x0</run_address>
         <size>0x0</size>
         <contents>
         </contents>
      </logical_group>
      <load_segment id="lg-1c3" display="no" color="cyan">
         <name>SEGMENT_0</name>
         <load_address>0x0</load_address>
         <run_address>0x0</run_address>
         <size>0x46c</size>
         <flags>0x5</flags>
         <contents>
            <logical_group_ref idref="lg-3"/>
            <logical_group_ref idref="lg-4"/>
            <logical_group_ref idref="lg-6"/>
         </contents>
      </load_segment>
      <load_segment id="lg-1c4" display="no" color="cyan">
         <name>SEGMENT_1</name>
         <run_address>0x20000000</run_address>
         <size>0x18</size>
         <flags>0x6</flags>
         <contents>
            <logical_group_ref idref="lg-e"/>
         </contents>
      </load_segment>
      <load_segment id="lg-1c5" display="no" color="cyan">
         <name>SEGMENT_2</name>
         <run_address>0x2000fe00</run_address>
         <size>0x200</size>
         <flags>0x6</flags>
         <contents>
            <logical_group_ref idref="lg-11"/>
         </contents>
      </load_segment>
   </logical_group_list>
   <placement_map>
      <memory_area display="yes" color="green">
         <name>MAIN</name>
         <page_id>0x0</page_id>
         <origin>0x0</origin>
         <length>0x40000</length>
         <used_space>0x46c</used_space>
         <unused_space>0x3fb94</unused_space>
         <attributes>RX</attributes>
         <usage_details>
            <allocated_space>
               <start_address>0x0</start_address>
               <size>0x0</size>
               <logical_group_ref idref="lg-9"/>
            </allocated_space>
            <allocated_space>
               <start_address>0x0</start_address>
               <size>0xe4</size>
               <logical_group_ref idref="lg-3"/>
            </allocated_space>
            <allocated_space>
               <start_address>0xe4</start_address>
               <size>0x35c</size>
               <logical_group_ref idref="lg-4"/>
            </allocated_space>
            <allocated_space>
               <start_address>0x440</start_address>
               <size>0x2c</size>
               <logical_group_ref idref="lg-6"/>
            </allocated_space>
            <available_space>
               <start_address>0x46c</start_address>
               <size>0x3fb94</size>
            </available_space>
         </usage_details>
      </memory_area>
      <memory_area display="yes" color="green">
         <name>INFO</name>
         <page_id>0x0</page_id>
         <origin>0x200000</origin>
         <length>0x4000</length>
         <used_space>0x0</used_space>
         <unused_space>0x4000</unused_space>
         <attributes>RX</attributes>
         <usage_details>
         </usage_details>
      </memory_area>
      <memory_area display="yes" color="green">
         <name>SRAM_CODE</name>
         <page_id>0x0</page_id>
         <origin>0x1000000</origin>
         <length>0x10000</length>
         <used_space>0x218</used_space>
         <unused_space>0xfde8</unused_space>
         <attributes>RWX</attributes>
         <usage_details>
            <allocated_space>
               <start_address>0x1000000</start_address>
               <size>0x0</size>
               <logical_group_ref idref="lg-18e"/>
            </allocated_space>
            <allocated_space>
               <start_address>0x1000000</start_address>
               <size>0x18</size>
               <logical_group_ref idref="lg-e"/>
            </allocated_space>
            <available_space>
               <start_address>0x1000018</start_address>
               <size>0xfde8</size>
            </available_space>
            <allocated_space>
               <start_address>0x100fe00</start_address>
               <size>0x200</size>
               <logical_group_ref idref="lg-11"/>
            </allocated_space>
         </usage_details>
      </memory_area>
      <memory_area display="yes" color="green">
         <name>SRAM_DATA</name>
         <page_id>0x0</page_id>
         <origin>0x20000000</origin>
         <length>0x10000</length>
         <used_space>0x218</used_space>
         <unused_space>0xfde8</unused_space>
         <attributes>RW</attributes>
         <usage_details>
            <allocated_space>
               <start_address>0x20000000</start_address>
               <size>0x0</size>
               <logical_group_ref idref="lg-18e"/>
            </allocated_space>
            <allocated_space>
               <start_address>0x20000000</start_address>
               <size>0x18</size>
               <logical_group_ref idref="lg-e"/>
            </allocated_space>
            <available_space>
               <start_address>0x20000018</start_address>
               <size>0xfde8</size>
            </available_space>
            <allocated_space>
               <start_address>0x2000fe00</start_address>
               <size>0x200</size>
               <logical_group_ref idref="lg-11"/>
            </allocated_space>
         </usage_details>
      </memory_area>
   </placement_map>
   <cptbl_list>
      <cptbl>
         <name>__TI_cinit_table</name>
         <cprec>
            <name>.data</name>
            <load_address>0x440</load_address>
            <load_size>0x1a</load_size>
            <run_address>0x20000000</run_address>
            <run_size>0x18</run_size>
            <compression>lzss</compression>
         </cprec>
      </cptbl>
   </cptbl_list>
   <handler_table>
      <handler_table_name>__TI_handler_table</handler_table_name>
      <handler>
         <index>0x0</index>
         <name>__TI_decompress_lzss</name>
      </handler>
      <handler>
         <index>0x1</index>
         <name>__TI_decompress_none</name>
      </handler>
   </handler_table>
   <symbol_table>
      <symbol id="sm-1">
         <name>WDTCTL_SYM</name>
         <value>0x4000480c</value>
      </symbol>
      <symbol id="sm-2">
         <name>__start___llvm_prf_cnts</name>
         <value>0x20000000</value>
      </symbol>
      <symbol id="sm-3">
         <name>__stop___llvm_prf_cnts</name>
         <value>0x20000000</value>
      </symbol>
      <symbol id="sm-4">
         <name>__TI_CINIT_Base</name>
         <value>0x464</value>
      </symbol>
      <symbol id="sm-5">
         <name>__TI_CINIT_Limit</name>
         <value>0x46c</value>
      </symbol>
      <symbol id="sm-6">
         <name>__TI_Handler_Table_Base</name>
         <value>0x45c</value>
      </symbol>
      <symbol id="sm-7">
         <name>__TI_Handler_Table_Limit</name>
         <value>0x464</value>
      </symbol>
      <symbol id="sm-8">
         <name>binit</name>
         <value>0xffffffff</value>
      </symbol>
      <symbol id="sm-9">
         <name>__binit__</name>
         <value>0xffffffff</value>
      </symbol>
      <symbol id="sm-a">
         <name>__STACK_SIZE</name>
         <value>0x200</value>
      </symbol>
      <symbol id="sm-b">
         <name>__STACK_END</name>
         <value>0x20010000</value>
      </symbol>
      <symbol id="sm-c">
         <name>__c_args__</name>
         <value>0xffffffff</value>
      </symbol>
      <symbol id="sm-d">
         <name>__TI_pprof_out_hndl</name>
         <value>0xffffffff</value>
      </symbol>
      <symbol id="sm-e">
         <name>__TI_prof_data_start</name>
         <value>0xffffffff</value>
      </symbol>
      <symbol id="sm-f">
         <name>__TI_prof_data_size</name>
         <value>0xffffffff</value>
      </symbol>
      <symbol id="sm-7f">
         <name>pwmConfig</name>
         <value>0x20000000</value>
         <object_component_ref idref="oc-b9"/>
      </symbol>
      <symbol id="sm-80">
         <name>PORT1_IRQHandler</name>
         <value>0x341</value>
         <object_component_ref idref="oc-73"/>
      </symbol>
      <symbol id="sm-81">
         <name>main</name>
         <value>0xe5</value>
         <object_component_ref idref="oc-9f"/>
      </symbol>
      <symbol id="sm-99">
         <name>SystemInit</name>
         <value>0x261</value>
         <object_component_ref idref="oc-b1"/>
      </symbol>
      <symbol id="sm-b5">
         <name>Reset_Handler</name>
         <value>0x42b</value>
         <object_component_ref idref="oc-67"/>
      </symbol>
      <symbol id="sm-b6">
         <name>Default_Handler</name>
         <value>0x43f</value>
         <object_component_ref idref="oc-6d"/>
      </symbol>
      <symbol id="sm-b7">
         <name>interruptVectors</name>
         <value>0x0</value>
         <object_component_ref idref="oc-26"/>
      </symbol>
      <symbol id="sm-cf">
         <name>__TI_decompress_none</name>
         <value>0x41d</value>
         <object_component_ref idref="oc-1d"/>
      </symbol>
      <symbol id="sm-f2">
         <name>__TI_decompress_lzss</name>
         <value>0x2d9</value>
         <object_component_ref idref="oc-17"/>
      </symbol>
      <symbol id="sm-105">
         <name>__stack</name>
         <value>0x2000fe00</value>
         <object_component_ref idref="oc-29"/>
      </symbol>
      <symbol id="sm-106">
         <name>_c_int00_noargs</name>
         <value>0x3e9</value>
         <object_component_ref idref="oc-55"/>
      </symbol>
      <symbol id="sm-121">
         <name>memcpy</name>
         <value>0x1c5</value>
         <object_component_ref idref="oc-37"/>
      </symbol>
      <symbol id="sm-122">
         <name>__aeabi_memcpy</name>
         <value>0x1c5</value>
         <object_component_ref idref="oc-37"/>
      </symbol>
      <symbol id="sm-123">
         <name>__aeabi_memcpy8</name>
         <value>0x1c5</value>
         <object_component_ref idref="oc-37"/>
      </symbol>
      <symbol id="sm-124">
         <name>__aeabi_memcpy4</name>
         <value>0x1c5</value>
         <object_component_ref idref="oc-37"/>
      </symbol>
      <symbol id="sm-14d">
         <name>__TI_auto_init_nobinit_nopinit</name>
         <value>0x3a5</value>
         <object_component_ref idref="oc-eb"/>
      </symbol>
      <symbol id="sm-157">
         <name>_system_pre_init</name>
         <value>0x437</value>
         <object_component_ref idref="oc-99"/>
      </symbol>
      <symbol id="sm-163">
         <name>C$$EXIT</name>
         <value>0x43b</value>
         <object_component_ref idref="oc-df"/>
      </symbol>
      <symbol id="sm-164">
         <name>abort</name>
         <value>0x43b</value>
         <object_component_ref idref="oc-df"/>
      </symbol>
      <symbol id="sm-167">
         <name>__TI_static_base__</name>
         <value>0x0</value>
      </symbol>
      <symbol id="sm-16a">
         <name>__mpu_init</name>
         <value>0x0</value>
      </symbol>
      <symbol id="sm-16b">
         <name>_system_post_cinit</name>
         <value>0x0</value>
      </symbol>
      <symbol id="sm-16c">
         <name>NMI_Handler</name>
         <value>0x43f</value>
      </symbol>
      <symbol id="sm-16d">
         <name>HardFault_Handler</name>
         <value>0x43f</value>
      </symbol>
      <symbol id="sm-16e">
         <name>MemManage_Handler</name>
         <value>0x43f</value>
      </symbol>
      <symbol id="sm-16f">
         <name>BusFault_Handler</name>
         <value>0x43f</value>
      </symbol>
      <symbol id="sm-170">
         <name>UsageFault_Handler</name>
         <value>0x43f</value>
      </symbol>
      <symbol id="sm-171">
         <name>SVC_Handler</name>
         <value>0x43f</value>
      </symbol>
      <symbol id="sm-172">
         <name>DebugMon_Handler</name>
         <value>0x43f</value>
      </symbol>
      <symbol id="sm-173">
         <name>PendSV_Handler</name>
         <value>0x43f</value>
      </symbol>
      <symbol id="sm-174">
         <name>SysTick_Handler</name>
         <value>0x43f</value>
      </symbol>
      <symbol id="sm-175">
         <name>PSS_IRQHandler</name>
         <value>0x43f</value>
      </symbol>
      <symbol id="sm-176">
         <name>CS_IRQHandler</name>
         <value>0x43f</value>
      </symbol>
      <symbol id="sm-177">
         <name>PCM_IRQHandler</name>
         <value>0x43f</value>
      </symbol>
      <symbol id="sm-178">
         <name>WDT_A_IRQHandler</name>
         <value>0x43f</value>
      </symbol>
      <symbol id="sm-179">
         <name>FPU_IRQHandler</name>
         <value>0x43f</value>
      </symbol>
      <symbol id="sm-17a">
         <name>FLCTL_IRQHandler</name>
         <value>0x43f</value>
      </symbol>
      <symbol id="sm-17b">
         <name>COMP_E0_IRQHandler</name>
         <value>0x43f</value>
      </symbol>
      <symbol id="sm-17c">
         <name>COMP_E1_IRQHandler</name>
         <value>0x43f</value>
      </symbol>
      <symbol id="sm-17d">
         <name>TA0_0_IRQHandler</name>
         <value>0x43f</value>
      </symbol>
      <symbol id="sm-17e">
         <name>TA0_N_IRQHandler</name>
         <value>0x43f</value>
      </symbol>
      <symbol id="sm-17f">
         <name>TA1_0_IRQHandler</name>
         <value>0x43f</value>
      </symbol>
      <symbol id="sm-180">
         <name>TA1_N_IRQHandler</name>
         <value>0x43f</value>
      </symbol>
      <symbol id="sm-181">
         <name>TA2_0_IRQHandler</name>
         <value>0x43f</value>
      </symbol>
      <symbol id="sm-182">
         <name>TA2_N_IRQHandler</name>
         <value>0x43f</value>
      </symbol>
      <symbol id="sm-183">
         <name>TA3_0_IRQHandler</name>
         <value>0x43f</value>
      </symbol>
      <symbol id="sm-184">
         <name>TA3_N_IRQHandler</name>
         <value>0x43f</value>
      </symbol>
      <symbol id="sm-185">
         <name>EUSCIA0_IRQHandler</name>
         <value>0x43f</value>
      </symbol>
      <symbol id="sm-186">
         <name>EUSCIA1_IRQHandler</name>
         <value>0x43f</value>
      </symbol>
      <symbol id="sm-187">
         <name>EUSCIA2_IRQHandler</name>
         <value>0x43f</value>
      </symbol>
      <symbol id="sm-188">
         <name>EUSCIA3_IRQHandler</name>
         <value>0x43f</value>
      </symbol>
      <symbol id="sm-189">
         <name>EUSCIB0_IRQHandler</name>
         <value>0x43f</value>
      </symbol>
      <symbol id="sm-18a">
         <name>EUSCIB1_IRQHandler</name>
         <value>0x43f</value>
      </symbol>
      <symbol id="sm-18b">
         <name>EUSCIB2_IRQHandler</name>
         <value>0x43f</value>
      </symbol>
      <symbol id="sm-18c">
         <name>EUSCIB3_IRQHandler</name>
         <value>0x43f</value>
      </symbol>
      <symbol id="sm-18d">
         <name>ADC14_IRQHandler</name>
         <value>0x43f</value>
      </symbol>
      <symbol id="sm-18e">
         <name>T32_INT1_IRQHandler</name>
         <value>0x43f</value>
      </symbol>
      <symbol id="sm-18f">
         <name>T32_INT2_IRQHandler</name>
         <value>0x43f</value>
      </symbol>
      <symbol id="sm-190">
         <name>T32_INTC_IRQHandler</name>
         <value>0x43f</value>
      </symbol>
      <symbol id="sm-191">
         <name>AES256_IRQHandler</name>
         <value>0x43f</value>
      </symbol>
      <symbol id="sm-192">
         <name>RTC_C_IRQHandler</name>
         <value>0x43f</value>
      </symbol>
      <symbol id="sm-193">
         <name>DMA_ERR_IRQHandler</name>
         <value>0x43f</value>
      </symbol>
      <symbol id="sm-194">
         <name>DMA_INT3_IRQHandler</name>
         <value>0x43f</value>
      </symbol>
      <symbol id="sm-195">
         <name>DMA_INT2_IRQHandler</name>
         <value>0x43f</value>
      </symbol>
      <symbol id="sm-196">
         <name>DMA_INT1_IRQHandler</name>
         <value>0x43f</value>
      </symbol>
      <symbol id="sm-197">
         <name>DMA_INT0_IRQHandler</name>
         <value>0x43f</value>
      </symbol>
      <symbol id="sm-198">
         <name>PORT1_IRQHandler</name>
         <value>0x341</value>
      </symbol>
      <symbol id="sm-199">
         <name>PORT2_IRQHandler</name>
         <value>0x43f</value>
      </symbol>
      <symbol id="sm-19a">
         <name>PORT3_IRQHandler</name>
         <value>0x43f</value>
      </symbol>
      <symbol id="sm-19b">
         <name>PORT4_IRQHandler</name>
         <value>0x43f</value>
      </symbol>
      <symbol id="sm-19c">
         <name>PORT5_IRQHandler</name>
         <value>0x43f</value>
      </symbol>
      <symbol id="sm-19d">
         <name>PORT6_IRQHandler</name>
         <value>0x43f</value>
      </symbol>
   </symbol_table>
   <title>Link successful</title>
</link_info>
